<?xml version="1.0" encoding="UTF-8"?>

<mule xmlns:ws="http://www.mulesoft.org/schema/mule/ws" xmlns:dw="http://www.mulesoft.org/schema/mule/ee/dw" xmlns:http="http://www.mulesoft.org/schema/mule/http" xmlns:tracking="http://www.mulesoft.org/schema/mule/ee/tracking" xmlns="http://www.mulesoft.org/schema/mule/core" xmlns:doc="http://www.mulesoft.org/schema/mule/documentation" xmlns:spring="http://www.springframework.org/schema/beans"
	xmlns:xsi="http://www.w3.org/2001/XMLSchema-instance"
	xsi:schemaLocation="http://www.springframework.org/schema/beans http://www.springframework.org/schema/beans/spring-beans-current.xsd
http://www.mulesoft.org/schema/mule/core http://www.mulesoft.org/schema/mule/core/current/mule.xsd
http://www.mulesoft.org/schema/mule/ee/dw http://www.mulesoft.org/schema/mule/ee/dw/current/dw.xsd
http://www.mulesoft.org/schema/mule/http http://www.mulesoft.org/schema/mule/http/current/mule-http.xsd
http://www.mulesoft.org/schema/mule/ee/tracking http://www.mulesoft.org/schema/mule/ee/tracking/current/mule-tracking-ee.xsd
http://www.mulesoft.org/schema/mule/ws http://www.mulesoft.org/schema/mule/ws/current/mule-ws.xsd">
   
    <http:listener-config name="http8081" host="0.0.0.0" port="8081" doc:name="HTTP Listener Configuration" basePath="/orders"/>
    <ws:consumer-config name="orderSoapService" wsdlLocation="orders.wsdl" service="OrderServiceService" port="OrderServicePort" serviceAddress="http://training-u.cloudhub.io/advanced/orders" doc:name="Web Service Consumer"/>
    
    <flow name="main">
        <http:listener config-ref="http8081" path="/" doc:name="HTTP"/>
        <flow-ref name="retrieveOrders" doc:name="retrieveOrders"/>
        <flow-ref name="processOrders" doc:name="processOrders"/>
    </flow>
    <sub-flow name="retrieveOrders">
        <set-variable variableName="dateRange" value="#[message.inboundProperties.'http.query.params'.range]" doc:name="Set dateRange"/>
        <dw:transform-message doc:name="Transform Message">
            <dw:set-payload><![CDATA[%dw 1.0
%output application/xml
%namespace ns0 http://soap.training.mulesoft.com/
---
{
	ns0#provisionOrder: {
		dateRange: flowVars.dateRange as :string
	}
}]]></dw:set-payload>
        </dw:transform-message>
        <ws:consumer config-ref="orderSoapService" operation="provisionOrder" doc:name="Web Service Consumer"/>
        <dw:transform-message doc:name="Transform Message">
            <dw:input-payload doc:sample="sample_data\provisionOrderResponse.xml"/>
            <dw:set-payload><![CDATA[%dw 1.0
%output application/java
%namespace ns0 http://soap.training.mulesoft.com/
---
payload.ns0#provisionOrderResponse.*return]]></dw:set-payload>
        </dw:transform-message>
    </sub-flow>

	<flow name="processOrders">
        <set-variable variableName="orders" value="#[message.payload]" doc:name="Variable"/>
        <set-payload value="#[{'international': java.util.Map&lt;String,String&gt;[], 'domestic': java.util.Map&lt;String,String&gt;[]}]" doc:name="Set Payload"/>
        <dw:transform-message doc:name="Transform Message">
            <dw:set-payload><![CDATA[%dw 1.0
%output application/java
---
{
 international: flowVars.'orders' filter $.'location' == 'international',
 domestic: flowVars.'orders' filter $.'location' == 'domestic'
}]]></dw:set-payload>
        </dw:transform-message>
	</flow>
</mule>
